{
  "posts": [
    {
      "id": 1,
      "weight": "50GM",
      "MRP": "50",
      "TotalQty": "150",
      "GST": "5%",
      "Lot": "VT-01",
      "Avalibilty": "IN STOCK",
      "Expirey": "SEPT-2020",
      "MFD": "March 2020",
      "Product": "CLOVES",
      "Type": "SPICES",
      "Discount": "5%",
      "source": "51262045_1103341223171975_1322785790169942848_n.jpg"
    },
    {
      "id": 2,
      "weight": "100GM",
      "MRP": "95",
      "TotalQty": "150",
      "GST": "5%",
      "Lot": "VT-01",
      "Avalibilty": "IN STOCK",
      "Expirey": "SEPT-2020",
      "MFD": "March 2020",
      "Product": "CLOVES",
      "Type": "SPICES",
      "Discount": "76%",
      "source": "coriander-powder-1535611789-4245574.jpg"
    },
    {
      "id": 3,
      "weight": "50GM",
      "MRP": "50",
      "TotalQty": "150",
      "GST": "12%",
      "Lot": "VT-01",
      "Avalibilty": "IN STOCK",
      "Expirey": "SEPT-2020",
      "MFD": "March 2020",
      "Product": "CORIANDER",
      "Type": "SPICES",
      "Discount": "12%",
      "source": "93d11479cf5cbd4395396a10d00e6b78.jpg"
    },
    {
      "id": 4,
      "weight": "100GM",
      "MRP": "95",
      "TotalQty": "150",
      "GST": "18%",
      "Lot": "VT-01",
      "Avalibilty": "IN STOCK",
      "Expirey": "SEPT-2020",
      "MFD": "March 2020",
      "Product": "MUSTARD",
      "Type": "SPICES",
      "Discount": "18%"
    },
    {
      "id": 5,
      "weight": "50GM",
      "MRP": "50",
      "TotalQty": "150",
      "GST": "0%",
      "Lot": "VT-01",
      "Avalibilty": "IN STOCK",
      "Expirey": "SEPT-2020",
      "MFD": "March 2020",
      "Product": "CARDAMOM",
      "Type": "SPICES",
      "Discount": "0%"
    },
    {
      "id": 6,
      "weight": "100GM",
      "MRP": "95",
      "TotalQty": "150",
      "GST": "5%",
      "Lot": "VT-01",
      "Avalibilty": "IN STOCK",
      "Expirey": "SEPT-2020",
      "MFD": "March 2020",
      "Product": "DRY-GINGER",
      "Type": "SPICES",
      "Discount": "5"
    },
    {
      "id": 7,
      "weight": "50GM",
      "MRP": "50",
      "TotalQty": "150",
      "GST": "0%",
      "Lot": "VT-01",
      "Avalibilty": "IN STOCK",
      "Expirey": "SEPT-2020",
      "MFD": "March 2020",
      "Product": "FERNUGREEK",
      "Type": "SPICES",
      "Discount": "20%"
    },
    {
      "id": 8,
      "weight": "100GM",
      "MRP": "95",
      "TotalQty": "150",
      "GST": "12%",
      "Lot": "VT-01",
      "Avalibilty": "IN STOCK",
      "Expirey": "SEPT-2020",
      "MFD": "March 2020",
      "Product": "TURMERIC",
      "Type": "SPICES",
      "Discount": "12%"
    },
    {
      "id": 9,
      "weight": "50GM",
      "MRP": "50",
      "TotalQty": "150",
      "GST": "18%",
      "Lot": "VT-01",
      "Avalibilty": "IN STOCK",
      "Expirey": "SEPT-2020",
      "MFD": "March 2020",
      "Product": "BLACK PEPPER",
      "Type": "SPICES",
      "Discount": "18"
    },
    {
      "id": 10,
      "weight": "100GM",
      "MRP": "95",
      "TotalQty": "150",
      "GST": "0%",
      "Lot": "VT-01",
      "Avalibilty": "IN STOCK",
      "Expirey": "SEPT-2020",
      "MFD": "March 2020",
      "Product": "WHITE-PEPPER",
      "Type": "SPICES",
      "Discount": "0"
    },
    {
      "id": 11,
      "weight": "50GM",
      "MRP": "50",
      "TotalQty": "150",
      "GST": "5%",
      "Lot": "VT-01",
      "Avalibilty": "IN STOCK",
      "Expirey": "SEPT-2020",
      "MFD": "March 2020",
      "Product": "CUMIN SEEDS",
      "Type": "SPICES",
      "Discount": "5"
    },
    {
      "id": 12,
      "weight": "100GM",
      "MRP": "95",
      "TotalQty": "150",
      "GST": "0%",
      "Lot": "VT-01",
      "Avalibilty": "IN STOCK",
      "Expirey": "SEPT-2020",
      "MFD": "March 2020",
      "Product": "FENNEL SEEDS",
      "Type": "SPICES",
      "Discount": "56"
    },
    {
      "id": 13,
      "weight": "50GM",
      "MRP": "50",
      "TotalQty": "150",
      "GST": "12%",
      "Lot": "VT-01",
      "Avalibilty": "IN STOCK",
      "Expirey": "SEPT-2020",
      "MFD": "March 2020",
      "Product": "CINNAMON",
      "Type": "SPICES",
      "Discount": "12%"
    },
    {
      "id": 14,
      "weight": "100GM",
      "MRP": "95",
      "TotalQty": "150",
      "GST": "18%",
      "Lot": "VT-01",
      "Avalibilty": "IN STOCK",
      "Expirey": "SEPT-2020",
      "MFD": "March 2020",
      "Product": "BAY LEAFS",
      "Type": "SPICES",
      "Discount": "18"
    },
    {
      "id": 15,
      "weight": "50GM",
      "MRP": "50",
      "TotalQty": "150",
      "GST": "0%",
      "Lot": "VT-01",
      "Avalibilty": "IN STOCK",
      "Expirey": "SEPT-2020",
      "MFD": "March 2020",
      "Product": "NUTMEG",
      "Type": "SPICES",
      "Discount": "0%"
    },
    {
      "id": 16,
      "weight": "100GM",
      "MRP": "95",
      "TotalQty": "150",
      "GST": "5%",
      "Lot": "VT-01",
      "Avalibilty": "IN STOCK",
      "Expirey": "SEPT-2020",
      "MFD": "March 2020",
      "Product": "KASURI METHI",
      "Type": "SPICES",
      "Discount": "5"
    },
    {
      "id": 17,
      "weight": "50GM",
      "MRP": "50",
      "TotalQty": "150",
      "GST": "0%",
      "Lot": "VT-01",
      "Avalibilty": "IN STOCK",
      "Expirey": "SEPT-2020",
      "MFD": "March 2020",
      "Product": "SHAHI JEERA",
      "Type": "SPICES",
      "Discount": "45"
    },
    {
      "id": 18,
      "weight": "100GM",
      "MRP": "95",
      "TotalQty": "150",
      "GST": "12%",
      "Lot": "VT-01",
      "Avalibilty": "IN STOCK",
      "Expirey": "SEPT-2020",
      "MFD": "March 2020",
      "Product": "CHILLY POWDER",
      "Type": "HERBS",
      "Discount": "12"
    }
  ],
  "Types": [
    "SPICES",
    "HERBS",
    "Seasonings",
    "Extracts"
  ],
  "Categories": [
    "Spices",
    "Herbs",
    "Seasonings",
    "Extracts"
  ],
  "cart": [
    {
      "productId": 1,
      "prouductName": "CLOVES",
      "id": 1
    },
    {
      "productId": 1,
      "prouductName": "CLOVES",
      "id": 2
    },
    {
      "productId": 2,
      "prouductName": "CLOVES",
      "UserId": "AAKSH",
      "id": 3
    },
    {
      "productId": 1,
      "prouductName": "CLOVES",
      "id": 4
    },
    {
      "productId": 1,
      "prouductName": "CLOVES",
      "UserId": "akashkurmi@gmail.com",
      "id": 5
    },
    {
      "productId": 1,
      "prouductName": "CLOVES",
      "UserId": "akashkurmi@gmail.com",
      "id": 6
    },
    {
      "productId": 1,
      "prouductName": "CLOVES",
      "UserId": "akashkurmi@gmail.com",
      "id": 7
    },
    {
      "productId": 1,
      "prouductName": "CLOVES",
      "UserId": "akashkurmi@gmail.com",
      "id": 8
    },
    {
      "productId": 1,
      "prouductName": "CLOVES",
      "UserId": "akashkurmi@gmail.com",
      "id": 9
    },
    {
      "productId": 1,
      "prouductName": "CLOVES",
      "id": 10
    },
    {
      "productId": 1,
      "prouductName": "CLOVES",
      "id": 11
    }
  ]
}